{"cameraMode":{"drawMode":0,"name":"Shaded","section":"Shading Mode"},"sceneLighting":true,"audioPlay":false,"sceneViewState":{"showFog":true,"showMaterialUpdate":false,"showSkybox":false,"showFlares":true,"showImageEffects":true,"showParticleSystems":true},"in2DMode":false,"pivot":{"x":22.612930297851564,"y":3.475787401199341,"z":36.63456344604492},"rotation":{"x":0.09376537799835205,"y":-0.1752767264842987,"z":0.01677253283560276,"w":0.979901909828186},"size":1.8661632537841797,"orthographic":false}